n,gkrfold_time_ms,gkrfold_memory_mb,folded_proof_size_kb,folded_proof_verify_time_ms,single_prove_time_ms,single_proof_size_kb,single_proof_verify_time_ms
2,0.431261,0.5,0.6796875,0.000561,0.12316200000000001,8.6171875,0.07396
4,0.700999,0.25,0.75,0.00048100000000000004,0.158288,8.6171875,0.076454
8,1.36585,0.5,0.8203125,0.000501,0.11175,8.6171875,0.073218
16,2.9553510000000003,0.68359375,0.890625,0.000561,0.169249,8.6171875,0.10657100000000001
32,5.9850140000000005,1.10546875,0.1484375,0.000501,0.120096,8.6171875,0.0743
64,12.288086,3.0625,1.03125,0.000571,0.131387,8.6171875,0.08504
